,device_id,name,screen_size,os_version,ram,battery,chipset
0,408,Xiaomi Mi 10T Lite 5G,"6.67""",Android 10,6 GB RAM,4820 mAh Li-Po,Qualcomm SM7225 Snapdragon 750G 5G (8 nm)
1,229,Oppo Find X2 Neo,"6.5""",Android 10,12 GB RAM,4025 mAh Li-Po,Qualcomm SM7250 Snapdragon 765G 5G (7 nm)
2,452,Infinix Zero 5,"5.98""",Android 7.0,6 GB RAM,4350 mAh Li-Ion,Qualcomm SDM730 Snapdragon 730 (8 nm)
3,371,Xiaomi Black Shark 4S,"6.67""",Android 11,8/12 GB RAM,4500 mAh Li-Po,Qualcomm SM8250-AC Snapdragon 870 5G (7 nm)
4,59,Infinix Zero 5G,"6.78""",Android 11,8 GB RAM,5000 mAh Li-Po,Qualcomm SM8150 Snapdragon 855+ (7 nm)
5,28,Samsung Galaxy Z Fold4,"7.6""",Android 12L,12 GB RAM,4400 mAh Li-Po,Qualcomm SM8475 Snapdragon 8+ Gen 1 (4 nm)
6,326,vivo Y72 5G (India),"6.58""",Android 11,8 GB RAM,5000 mAh Li-Po,Qualcomm SM4350 Snapdragon 480 5G (8 nm)
7,360,OnePlus 8T+ 5G,"6.55""",Android 11,12 GB RAM,4500 mAh Li-Po,Qualcomm SM8250 Snapdragon 865 5G (7 nm+)
8,440,Oppo K9 Pro,"6.43""",Android 11,8/12 GB RAM,4500 mAh Li-Po,Mediatek MT6893 Dimensity 1200 (6 nm)
9,104,Xiaomi Poco X4 GT,"6.6""",Android 12,8 GB RAM,5080 mAh Li-Po,Mediatek Dimensity 8100 (5 nm)
10,473,OnePlus Nord N20 5G,"6.43""",Android 11,6 GB RAM,4500 mAh Li-Po,Qualcomm SM6375 Snapdragon 695 5G (6 nm)
11,318,vivo X60t Pro+,"6.56""",Android 11,8/12 GB RAM,4200 mAh Li-Po,Qualcomm SM8350 Snapdragon 888 5G (5 nm)
12,220,vivo Y77e,"6.58""",Android 12,6/8 GB RAM,5000 mAh Li-Po,Mediatek MT6833P Dimensity 810 (6 nm)
13,264,Asus ROG Phone 5 Pro,"6.78""",Android 11,16 GB RAM,6000 mAh Li-Po,Qualcomm SM8350 Snapdragon 888 5G (5 nm)
14,15,Google Pixel 4 XL,"6.3""",Android 10,6 GB RAM,3700 mAh Li-Po,Qualcomm SM8150 Snapdragon 855 (7 nm)
15,18,vivo Y75,"6.44""",Android 12,8 GB RAM,4050 mAh Li-Po,Mediatek MT6781 Helio G96 (12 nm)
16,175,Oppo Reno5 4G,"6.4""",Android 11,8 GB RAM,4310 mAh Li-Po,Qualcomm SM7125 Snapdragon 720G (8 nm)
17,146,OnePlus 10 Pro,"6.7""",Android 12,8/12 GB RAM,5000 mAh Li-Po,Qualcomm SM8450 Snapdragon 8 Gen 1 (4 nm)
18,369,Oppo A93 5G,"6.5""",Android 11,8 GB RAM,5000 mAh Li-Po,Qualcomm SM4350 Snapdragon 480 5G (8 nm)
19,68,Asus Zenfone 7,"6.67""",Android 10,6/8 GB RAM,5000 mAh Li-Po,Qualcomm SM8250 Snapdragon 865 5G (7 nm+)
20,77,Xiaomi Redmi Note 10 5G,"6.5""",Android 11,4/8 GB RAM,5000 mAh Li-Po,Mediatek MT6833 Dimensity 700 (7 nm)
21,329,vivo T2x,"6.58""",Android 12,6/8 GB RAM,6000 mAh Li-Po,Mediatek Dimensity 1300 (6 nm)
22,214,Samsung Galaxy A02s,"6.5""",Android 10,1/4 GB RAM,5000 mAh Li-Po,Qualcomm SDM450 Snapdragon 450 (14 nm)
23,116,Asus ROG Phone 5,"6.78""",Android 11,8/16 GB RAM,6000 mAh Li-Po,Qualcomm SM8350 Snapdragon 888 5G (5 nm)
24,233,Oppo A73 5G,"6.5""",Android 10,8 GB RAM,4040 mAh Li-Po,Mediatek MT6853V Dimensity 720 (7 nm)
25,81,Xiaomi Redmi 9 Power,"6.53""",Android 10,4/6 GB RAM,6000 mAh Li-Po,Qualcomm SM6115 Snapdragon 662 (11 nm)
27,40,Asus ROG Phone 6,"6.78""",Android 12,8/16 GB RAM,6000 mAh Li-Po,Qualcomm SM8475 Snapdragon 8+ Gen 1 (4 nm)
28,481,vivo T1 Pro,"6.44""",Android 12,6/8 GB RAM,4700 mAh Li-Po,Qualcomm SM7325 Snapdragon 778G 5G (6 nm)
29,185,Infinix Note 12 Pro 5G,"6.7""",Android 12,8 GB RAM,5000 mAh Li-Po,Qualcomm SM7225 Snapdragon 750G 5G (8 nm)
30,48,Samsung Galaxy Z Flip 5G,"6.7""",Android 10,8 GB RAM,3300 mAh Li-Po,Qualcomm SM8250 Snapdragon 865 5G+ (7 nm+)
31,3,vivo Y77e,"6.58""",Android 12,6/8 GB RAM,5000 mAh Li-Po,Mediatek MT6833P Dimensity 810 (6 nm)
32,310,Xiaomi Redmi Note 11T Pro+,"6.6""",Android 12,8 GB RAM,4400 mAh Li-Po,Mediatek Dimensity 8100 (5 nm)
33,352,Xiaomi Pad 5,"11.0""",Android 11,6 GB RAM,8720 mAh Li-Po,Qualcomm Snapdragon 860 (7 nm)
34,342,Oppo Find X3 Lite,"6.43""",Android 11,8 GB RAM,4300 mAh Li-Po,Qualcomm SM7250 Snapdragon 765G 5G (7 nm)
35,111,Infinix Smart 5,"6.82""",Android 10,2 GB RAM,6000 mAh Li-Po,Qualcomm SM7325 Snapdragon 778G 5G (6 nm)
36,110,Samsung Galaxy Tab S4 10.5,"10.5""",Android 8.1,4/6 GB RAM,7300 mAh Li-Po,Qualcomm MSM8998 Snapdragon 835 (10 nm)
37,396,Oppo A36,"6.56""",Android 11,6/8 GB RAM,5000 mAh Li-Po,Qualcomm SM6225 Snapdragon 680 4G (6 nm)
38,241,Oppo Reno6 5G,"6.43""",Android 11,8/12 GB RAM,4300 mAh Li-Po,Mediatek MT6877 Dimensity 900 (6 nm)
39,61,Xiaomi Poco M3,"6.53""",Android 10,4/6 GB RAM,6000 mAh Li-Po,Qualcomm SM6115 Snapdragon 662 (11 nm)
40,366,Samsung Galaxy Tab A 8.0 & S Pen (2019),"8.0""",Android 9.0,3 GB RAM,4200 mAh Li-Po,Exynos 7904 (14 nm)
41,343,vivo Y52 5G,"6.58""",Android 11,4 GB RAM,5000 mAh Li-Po,Mediatek MT6833 Dimensity 700 (7 nm)
42,358,vivo X80 Pro,"6.78""",Android 12,8/12 GB RAM,4700 mAh Li-Po,Mediatek Dimensity 9000 (4 nm)
43,379,Samsung Galaxy Note20 5G,"6.7""",Android 10,8 GB RAM,4300 mAh Li-Ion,Qualcomm SM8250 Snapdragon 865 5G+ (7 nm+) - USA
44,121,Oppo Reno5 F,"6.43""",Android 11,8 GB RAM,4310 mAh Li-Po,PowerVR GM9446
45,93,vivo X Fold,"8.03""",Android 12,12 GB RAM,4600 mAh Li-Po,Qualcomm SM8450 Snapdragon 8 Gen 1 (4 nm)
46,144,Oppo A16e,"6.52""",Android 11,3/4 GB RAM,4230 mAh Li-Po,Mediatek MT6762D Helio P22 (12 nm)
47,351,Samsung Galaxy A13 (SM-A137),"6.6""",Android 12,3/4 GB RAM,5000 mAh Li-Po,Mediatek MT6769V/CU Helio G80 (12 nm)
48,196,Oppo Reno5 K,"6.43""",Android 11,8/12 GB RAM,4300 mAh Li-Po,Qualcomm SM7225 Snapdragon 750G 5G (8 nm)
49,409,Xiaomi Redmi Note 10,"6.43""",Android 11,4/6 GB RAM,5000 mAh Li-Po,Qualcomm SDM678 Snapdragon 678 (11 nm)
50,153,Google Pixel 4,"5.7""",Android 10,6 GB RAM,2800 mAh Li-Po,Qualcomm SM8150 Snapdragon 855 (7 nm)
51,132,Samsung Galaxy A50,"6.4""",Android 9.0,4/6 GB RAM,4000 mAh Li-Po,Exynos 9610 (10nm)
52,43,vivo iQOO Neo 6,"6.62""",Android 12,8/12 GB RAM,4700 mAh Li-Po,Qualcomm SM8250-AC Snapdragon 870 5G (7 nm)
53,460,Oppo Reno7 Pro 5G,"6.55""",Android 11,8/12 GB RAM,4500 mAh Li-Po,Octa-core 3.0 GHz
54,389,Infinix Zero 6 Pro,"6.18""",Android 8.0,6 GB RAM,3650 mAh Li-Ion,Qualcomm SM6115 Snapdragon 662 (11 nm)
55,498,iPhone 13 Pro,"6.1""",iOS 15,6 GB RAM,0,Apple A15 Bionic
56,194,vivo iQOO U5,"6.58""",Android 12,4-8 GB RAM,5000 mAh Li-Po,Qualcomm SM6375 Snapdragon 695 5G (6 nm)
57,475,Samsung Galaxy M13 5G,"6.5""",Android 12,4/6 GB RAM,5000 mAh Li-Po,Mediatek MT6833 Dimensity 700 (7 nm)
58,16,Xiaomi Redmi 9AT,"6.53""",Android 10,2 GB RAM,5000 mAh Li-Po,PowerVR GE8320
59,162,vivo Y35,"6.58""",Android 11,4/8 GB RAM,5000 mAh Li-Po,Qualcomm SM6225 Snapdragon 680 4G (6 nm)
60,167,Oppo A73,"6.44""",Android 10,4/6 GB RAM,4015 mAh Li-Po,Qualcomm SM6115 Snapdragon 662 (11 nm)
61,142,Xiaomi Poco F3,"6.67""",Android 11,6/8 GB RAM,4520 mAh Li-Po,Qualcomm SM8250-AC Snapdragon 870 5G (7 nm)
62,423,Oppo F17 Pro,"6.43""",Android 10,8 GB RAM,4015 mAh Li-Po,PowerVR GM9446
63,483,Xiaomi Poco X3 NFC,"6.67""",Android 10,6/8 GB RAM,5160 mAh Li-Po,Qualcomm SM7150-AC Snapdragon 732G (8 nm)
64,383,Infinix Hot 9,"6.6""",Android 10,4 GB RAM,5000 mAh Li-Po,Qualcomm SM7325 Snapdragon 778G 5G (6 nm)
65,420,Xiaomi Redmi Note 10 Pro (India),"6.67""",Android 11,6/8 GB RAM,5020 mAh Li-Po,Qualcomm SM7150 Snapdragon 732G (8 nm)
66,197,Samsung Galaxy Note20,"6.7""",Android 10,8 GB RAM,4300 mAh Li-Ion,Qualcomm SM8250 Snapdragon 865 5G+ (7 nm+) - USA
67,36,Asus ROG Phone 5 Ultimate,"6.78""",Android 11,18 GB RAM,6000 mAh Li-Po,Qualcomm SM8350 Snapdragon 888 5G (5 nm)
68,133,vivo S15 Pro,"6.56""",Android 12,8/12 GB RAM,4500 mAh Li-Po,Mediatek Dimensity 8100 (5 nm)
69,412,Xiaomi 11 Lite 5G NE,"6.55""",Android 11,6/8 GB RAM,4250 mAh Li-Po,Qualcomm SM7325 Snapdragon 778G 5G (6 nm)
70,493,Oppo A54s,"6.52""",Android 11,4/8 GB RAM,5000 mAh Li-Po,PowerVR GE8320
71,260,Samsung Galaxy M13 (India),"6.6""",Android 12,4/6 GB RAM,6000 mAh Li-Po,Exynos 850 (8nm)
72,257,Infinix Note 11,"6.7""",Android 11,4/6 GB RAM,5000 mAh Li-Po,Qualcomm SM8150 Snapdragon 855 (7 nm)
73,210,Xiaomi Mi 10 Ultra,"6.67""",Android 10,8/16 GB RAM,4500 mAh Li-Ion,Qualcomm SM8250 Snapdragon 865 5G (7 nm+)
74,157,OnePlus Nord CE 5G,"6.43""",Android 11,6/12 GB RAM,4500 mAh Li-Po,Qualcomm SM7225 Snapdragon 750G 5G (8 nm)
75,52,Oppo A93,"6.43""",Android 10,8 GB RAM,4000 mAh Li-Po,PowerVR GM9446
76,350,vivo Y75 5G,"6.58""",Android 11,8 GB RAM,5000 mAh Li-Po,Mediatek MT6833 Dimensity 700 (7 nm)
77,405,Oppo A94,"6.43""",Android 11,8 GB RAM,4310 mAh Li-Po,PowerVR GM9446
78,454,Xiaomi Poco M4 Pro 5G,"6.6""",Android 11,4/8 GB RAM,5000 mAh Li-Po,Mediatek MT6833P Dimensity 810 (6 nm)
79,319,vivo T1x 4G,"6.58""",Android 12,4/8 GB RAM,5000 mAh Li-Po,Qualcomm SM6225 Snapdragon 680 4G (6 nm)
80,56,Oppo A76,"6.56""",Android 11,4/6 GB RAM,5000 mAh Li-Po,Qualcomm SM6225 Snapdragon 680 4G (6 nm)
81,250,Samsung Galaxy F13,"6.6""",Android 12,4 GB RAM,6000 mAh Li-Po,Exynos 850 (8nm)
82,106,Xiaomi Redmi Note 11SE,"6.5""",Android 11,4/8 GB RAM,5000 mAh Li-Po,Mediatek MT6833 Dimensity 700 (7 nm)
83,251,Oppo K7x,"6.5""",Android 10,6/8 GB RAM,5000 mAh Li-Po,Mediatek MT6853V Dimensity 720 (7 nm)
84,363,Infinix Smart 4,"6.6""",Android 9.0,1/2 GB RAM,4000 mAh Li-Po,Qualcomm SM8250 Snapdragon 865 5G (7 nm+)
85,172,OnePlus 7 Pro,"6.67""",Android 9.0,6/12 GB RAM,4000 mAh Li-Po,Qualcomm SM8150 Snapdragon 855 (7 nm)
86,332,vivo Y33s,"6.58""",Android 11,4/8 GB RAM,5000 mAh Li-Po,Mediatek MT6769V/CU Helio G80 (12 nm)
87,243,Asus ROG Phone 3,"6.59""",Android 10,8/16 GB RAM,6000 mAh Li-Po,Qualcomm SM8250 Snapdragon 865 5G+ (7 nm+)
88,55,Google Pixel 6a,"6.1""",Android 12,6 GB RAM,4410 mAh Li-Po,Google Tensor (5 nm)
89,156,Oppo A53s 5G,"6.52""",Android 11,6/8 GB RAM,5000 mAh Li-Po,Mediatek MT6833 Dimensity 700 (7 nm)
90,82,Infinix Smart 6 Plus,"6.82""",Android 12,2/3 GB RAM,5000 mAh Li-Po,Mediatek MT6893 Dimensity 1200 (6 nm)
91,285,Xiaomi Redmi Note 9T,"6.53""",Android 10,4/6 GB RAM,5000 mAh Li-Po,Mediatek MT6853 Dimensity 800U (7 nm)
92,246,Oppo Reno5 Pro 5G,"6.55""",Android 11,8/12 GB RAM,4350 mAh Li-Po,Mediatek MT6889Z Dimensity 1000+ (7nm)
93,297,Oppo A53s,"6.5""",Android 10,4 GB RAM,5000 mAh Li-Po,Qualcomm SM4250 Snapdragon 460 (11 nm)
94,126,Asus Zenfone 8,"5.9""",Android 11,6/16 GB RAM,4000 mAh Li-Po,Qualcomm SM8350 Snapdragon 888 5G (5 nm)
95,98,Xiaomi Redmi 10A,"6.53""",Android 11,2/6 GB RAM,5000 mAh Li-Ion,PowerVR GE8320
96,346,Oppo A96,"6.59""",Android 11,6/8 GB RAM,5000 mAh Li-Po,Qualcomm SM6225 Snapdragon 680 4G (6 nm)
97,367,Samsung Galaxy M20,"6.3""",Android 8.1,3/4 GB RAM,5000 mAh Li-Po,Exynos 7904 (14 nm)
98,37,Oppo Reno7 SE 5G,"6.43""",Android 11,8 GB RAM,4500 mAh Li-Po,Mediatek MT6877 Dimensity 900 (6 nm)
99,439,OnePlus Nord N10 5G,"6.49""",Android 10,6 GB RAM,4300 mAh Li-Po,Qualcomm SM6350 Snapdragon 690 5G (8 nm)
100,347,OnePlus Nord,"6.44""",Android 10,6/12 GB RAM,4115 mAh Li-Po,Qualcomm SM7250 Snapdragon 765G 5G (7 nm)
101,254,Samsung Galaxy Z Fold2 5G,"7.6""",Android 10,12 GB RAM,4500 mAh Li-Po,Qualcomm SM8250 Snapdragon 865 5G+ (7 nm+)
102,131,vivo iQOO 10 Pro,"6.78""",Android 12,8/12 GB RAM,4700 mAh Li-Po,Qualcomm SM8475 Snapdragon 8+ Gen 1 (4 nm)
103,403,Xiaomi Redmi K40 Pro,"6.67""",Android 11,6/12 GB RAM,4520 mAh Li-Po,Qualcomm SM8350 Snapdragon 888 5G (5 nm)
104,436,Infinix Zero X Pro,"6.67""",Android 11,8 GB RAM,4500 mAh Li-Po,Mediatek MT6765 Helio P35 (12nm)
105,314,Xiaomi Redmi 9T,"6.53""",Android 10,4/6 GB RAM,6000 mAh Li-Po,Qualcomm SM6115 Snapdragon 662 (11 nm)
106,213,vivo T1 (Snapdragon 778G),"6.44""",Android 12,8 GB RAM,4700 mAh Li-Po,Qualcomm SM7325 Snapdragon 778G 5G (6 nm)
107,385,Xiaomi Black Shark 5 RS,"6.67""",Android 12,8/12 GB RAM,4500 mAh Li-Po,Qualcomm SM8350 Snapdragon 888/888+ 5G (5 nm)
108,17,Infinix Hot 7 Pro,"6.2""",Android 9.0,6 GB RAM,4000 mAh Li-Po,Qualcomm SM8250 Snapdragon 865 5G (7 nm+)
109,432,Asus Zenfone 6 ZS630KL,"6.4""",Android 9.0,6/12 GB RAM,5000 mAh Li-Po,Qualcomm SM8150 Snapdragon 855 (7 nm)
110,62,Asus ROG Phone II ZS660KL,"6.59""",Android 9.0,8/12 GB RAM,6000 mAh Li-Po,Qualcomm SM8150 Snapdragon 855+ (7 nm)
111,456,Xiaomi Poco M4 5G (India),"6.58""",Android 12,4/6 GB RAM,5000 mAh Li-Po,Mediatek MT6833 Dimensity 700 (7 nm)
112,190,Oppo A54 5G,"6.5""",Android 11,4 GB RAM,5000 mAh Li-Po,Qualcomm SM4350 Snapdragon 480 5G (8 nm)
113,344,vivo V25 Pro,"6.56""",Android 12,8/12 GB RAM,4830 mAh Li-Po,Mediatek Dimensity 1300 (6 nm)
114,349,OnePlus Ace Racing,"6.59""",Android 12,8/12 GB RAM,5000 mAh Li-Po,Mediatek Dimensity 8100-Max (5 nm)
115,331,Oppo A16s,"6.52""",Android 11,4 GB RAM,5000 mAh Li-Po,PowerVR GE8320
116,448,OnePlus 8 5G UW (Verizon),"6.55""",Android 10,8 GB RAM,4300 mAh Li-Po,Qualcomm SM8250 Snapdragon 865 5G (7 nm+)
117,497,iPhone 13,"6.1""",iOS 15,4 GB RAM,0,Apple A15 Bionic
118,340,OnePlus Nord N20 SE,"6.56""",Android 12,4 GB RAM,5000 mAh Li-Po,Mediatek MT6765G Helio G35 (12 nm)
119,193,Samsung Galaxy Tab A 8.0 (2018),"8.0""",Android 8.1,2 GB RAM,5000 mAh Li-Ion,Qualcomm MSM8917 Snapdragon 425 (28 nm)
120,182,Infinix Zero 6,"6.18""",Android 8.0,6 GB RAM,3650 mAh Li-Ion,Exynos 990 (7 nm+)
121,100,Oppo A74,"6.43""",Android 11,4/8 GB RAM,5000 mAh Li-Po,Qualcomm SM6115 Snapdragon 662 (11 nm)
122,397,Oppo Reno4 Z 5G,"6.57""",Android 10,8 GB RAM,4000 mAh Li-Po,Mediatek MT6873V Dimensity 800 (7 nm)
123,428,Samsung Galaxy A8s,"6.4""",Android 9.0,6/8 GB RAM,3400 mAh Li-Ion,Qualcomm SDM710 Snapdragon 710 (10 nm)
124,8,vivo iQOO U3x Standard,"6.51""",Android 11,4/6 GB RAM,5000 mAh Li-Po,Mediatek MT6769V/CU Helio G80 (12 nm)
125,402,vivo V21,"6.44""",Android 11,8 GB RAM,4000 mAh Li-Po,Mediatek MT6853 Dimensity 800U (7 nm)
126,203,Xiaomi Poco X3 Pro,"6.67""",Android 11,6/8 GB RAM,5160 mAh Li-Po,Qualcomm Snapdragon 860 (7 nm)
127,32,Oppo A11s,"6.5""",Android 10,4/8 GB RAM,5000 mAh Li-Po,Qualcomm SM4250 Snapdragon 460 (11 nm)
128,170,OnePlus 7T Pro,"6.67""",Android 10,8/12 GB RAM,4085 mAh Li-Po,Qualcomm SM8150 Snapdragon 855+ (7 nm)
129,113,Infinix S3X,"6.2""",Android 8.1,3/4 GB RAM,4000 mAh Li-Po,Qualcomm SM8250 Snapdragon 865 5G+ (7 nm+)
130,504,iPhone 11,"5.8""",iOS 13,4 GB RAM,3046 mAh,Apple A13 Bionic
131,219,Oppo Reno4 Lite,"6.43""",Android 10,8 GB RAM,4015 mAh Li-Po,PowerVR GM9446
132,315,Samsung Galaxy Tab S7+,"12.4""",Android 10,6/8 GB RAM,10090 mAh Li-Po,Qualcomm SM8250 Snapdragon 865 5G+ (7 nm+)
133,125,Oppo A56 5G,"6.5""",Android 11,4/6 GB RAM,5000 mAh Li-Po,Mediatek MT6833 Dimensity 700 (7 nm)
134,216,Infinix Hot 9 Pro,"6.6""",Android 10,4 GB RAM,5000 mAh Li-Po,Mediatek MT6769V/CU Helio G80 (12 nm)
135,476,OnePlus 8 5G (T-Mobile),"6.55""",Android 10,8 GB RAM,4300 mAh Li-Po,Qualcomm SM8250 Snapdragon 865 5G (7 nm+)
136,38,Samsung Galaxy J6+,"6.0""",Android 8.1,3/4 GB RAM,3300 mAh Li-Ion,Qualcomm MSM8917 Snapdragon 425 (28 nm)
137,108,Xiaomi Redmi 9i Sport,"6.53""",Android 10,4 GB RAM,5000 mAh Li-Po,PowerVR GE8320
138,335,OnePlus Nord 2T,"6.43""",Android 12,8/12 GB RAM,4500 mAh Li-Po,Mediatek Dimensity 1300 (6 nm)
139,373,Xiaomi 12 Pro (Dimensity),"6.73""",Android 12,8/12 GB RAM,5160 mAh Li-Po,Mediatek Dimensity 9000+ (4 nm)
140,506,iPhone 11 Pro Max,"6.1""",iOS 13,4 GB RAM,3110 mAh,Apple A13 Bionic
141,25,Google Pixel 4a 5G,"6.2""",Android 11,6 GB RAM,3885 mAh Li-Po,Qualcomm SM8150 Snapdragon 855 (7 nm)
142,339,Xiaomi Redmi Note 11,"6.43""",Android 11,4/6 GB RAM,5000 mAh Li-Po,Qualcomm SM6225 Snapdragon 680 4G (6 nm)
143,232,OnePlus 7T,"6.55""",Android 10,8 GB RAM,3800 mAh Li-Po,Qualcomm SM8150 Snapdragon 855+ (7 nm)
144,176,Oppo A74 5G,"6.5""",Android 11,6/8 GB RAM,5000 mAh Li-Po,Qualcomm SM4350 Snapdragon 480 5G (8 nm)
145,471,Google Pixel 3,"5.5""",Android 9.0,4 GB RAM,2915 mAh Li-Po,Qualcomm SDM845 Snapdragon 845 (10 nm)
146,278,Oppo F21 Pro,"6.43""",Android 12,8 GB RAM,4500 mAh Li-Po,Qualcomm SM6225 Snapdragon 680 4G (6 nm)
147,184,Infinix Note 6,"6.01""",Android 9.0,4 GB RAM,4000 mAh Li-Po,Exynos 9810 (10 nm)
148,148,Oppo Find X3,"6.7""",Android 11,8 GB RAM,4500 mAh Li-Po,Qualcomm SM8250-AC Snapdragon 870 5G (7 nm)
149,9,Infinix Zero 8i,"6.85""",Android 10,8 GB RAM,4500 mAh Li-Po,Qualcomm SM8475 Snapdragon 8+ Gen 1 (4 nm)
150,391,vivo S10 Pro,"6.44""",Android 11,8/12 GB RAM,4050 mAh Li-Po,Mediatek MT6891Z Dimensity 1100 (6 nm)
151,406,Google Pixel 6 Pro,"6.7""",Android 12,12 GB RAM,5003 mAh Li-Ion,Google Tensor (5 nm)
152,95,Xiaomi Redmi K40 Pro+,"6.67""",Android 11,12 GB RAM,4520 mAh Li-Po,Qualcomm SM8350 Snapdragon 888 5G (5 nm)
153,502,iPhone 12 Pro,"6.1""",iOS 14,6 GB RAM,0,Apple A14 Bionic
154,90,Asus ROG Phone 5s,"6.78""",Android 11,8/16 GB RAM,6000 mAh Li-Po,Qualcomm SM8350 Snapdragon 888+ 5G (5 nm)
155,46,OnePlus 7T Pro 5G McLaren,"6.67""",Android 10,12 GB RAM,4085 mAh Li-Po,Qualcomm SM8150 Snapdragon 855+ (7 nm)
156,334,Oppo Reno4 F,"6.43""",Android 10,8 GB RAM,4000 mAh Li-Po,PowerVR GM9446
157,429,OnePlus 6,"6.28""",Android 8.1,6/8 GB RAM,3300 mAh Li-Po,Qualcomm SDM845 Snapdragon 845 (10 nm)
158,316,Xiaomi 11i,"6.67""",Android 11,6/8 GB RAM,5160 mAh Li-Po,Mediatek Dimensity 920 (6 nm)
159,96,Infinix Zero 8,"6.85""",Android 10,8 GB RAM,4500 mAh Li-Po,Exynos W920 (5 nm)
160,305,Infinix Smart HD 2021,"6.1""",Android 10,2 GB RAM,5000 mAh Li-Po,PowerVR GE8320
161,499,iPhone 13 Pro Max,"6.7""",iOS 15,6 GB RAM,0,Apple A15 Bionic
162,20,vivo S12,"6.44""",Android 11,8/12 GB RAM,4200 mAh Li-Po,Mediatek MT6891Z Dimensity 1100 (6 nm)
163,384,Oppo A92s,"6.57""",Android 10,6/8 GB RAM,4000 mAh Li-Po,Mediatek MT6873V Dimensity 800 (7 nm)
164,225,Oppo Reno5 5G,"6.43""",Android 11,8/12 GB RAM,4300 mAh Li-Po,Qualcomm SM7250 Snapdragon 765G 5G (7 nm)
165,317,Oppo Reno6 Pro,"6.55""",Android 11,12 GB RAM,4500 mAh Li-Po,Qualcomm SM8250-AC Snapdragon 870 5G (7 nm)
166,86,Xiaomi Poco C31,"6.53""",Android 10,3/4 GB RAM,5000 mAh Li-Po,Mediatek MT6765G Helio G35 (12 nm)
167,130,Xiaomi Redmi 9 (India),"6.53""",Android 10,4 GB RAM,5000 mAh Li-Po,PowerVR GE8320
168,407,vivo iQOO Z6 Pro,"6.44""",Android 12,6-12 GB RAM,4700 mAh Li-Po,Qualcomm SM7325 Snapdragon 778G 5G (6 nm)
169,462,Samsung Galaxy M30,"6.4""",Android 8.1,3/6 GB RAM,5000 mAh Li-Po,Exynos 7904 (14 nm)
170,139,Oppo A77 4G,"6.56""",Android 12,4 GB RAM,5000 mAh Li-Po,PowerVR GE8320
171,248,Xiaomi Mi Mix Fold,"8.01""",Android 10,12/16 GB RAM,5020 mAh Li-Po,Qualcomm SM8350 Snapdragon 888 5G (5 nm)
172,33,Samsung Galaxy Note9,"6.4""",Android 8.1,6/8 GB RAM,4000 mAh Li-Ion,"Qualcomm SDM845 Snapdragon 845 (10 nm) - USA/LATAM, China"
173,218,Oppo Reno5 Lite,"6.43""",Android 11,8 GB RAM,4310 mAh Li-Po,PowerVR GM9446
174,275,Oppo A16,"6.52""",Android 11,3/4 GB RAM,5000 mAh Li-Po,PowerVR GE8320
175,494,Infinix S5 Pro,"6.53""",Android 10,4/6 GB RAM,4000 mAh Li-Po,Exynos 850 (8nm)
176,107,Oppo A55,"6.51""",Android 11,4/6 GB RAM,5000 mAh Li-Po,PowerVR GE8320
177,71,Xiaomi Redmi K40,"6.67""",Android 11,6/12 GB RAM,4520 mAh Li-Po,Qualcomm SM8250-AC Snapdragon 870 5G (7 nm)
178,489,Oppo K9,"6.43""",Android 11,8 GB RAM,4300 mAh Li-Po,Qualcomm SM7250-AC Snapdragon 768G 5G (7 nm)
179,45,Oppo A72 5G,"6.5""",Android 10,4/8 GB RAM,4040 mAh Li-Po,Mediatek MT6853V Dimensity 720 (7 nm)
180,67,Oppo K10,"6.59""",Android 11,6/8 GB RAM,5000 mAh Li-Po,Qualcomm SM6225 Snapdragon 680 4G (6 nm)
181,455,Samsung Galaxy J4 Core,"6.0""",Android 8.1,1 GB RAM,3300 mAh Li-Ion,Qualcomm MSM8917 Snapdragon 425 (28 nm)
182,256,Oppo K10 5G,"6.56""",Android 12,8 GB RAM,5000 mAh Li-Po,Mediatek MT6833P Dimensity 810 (6 nm)
183,282,vivo Y70t,"6.53""",Android 10,6/8 GB RAM,4500 mAh Li-Po,Exynos 880 (8 nm)
184,255,Infinix S5 lite,"6.6""",Android 9.0,3/4 GB RAM,4000 mAh Li-Po,Mediatek MT6877 Dimensity 900 (6 nm)
185,478,Google Pixel 3 XL,"6.3""",Android 9.0,4 GB RAM,3430 mAh Li-Po,Qualcomm SDM845 Snapdragon 845 (10 nm)
186,19,Infinix Note 5 Stylus,"6.0""",Android 8.1,4 GB RAM,4000 mAh Li-Po,Exynos 990 (7 nm+)
187,312,Xiaomi Poco X3,"6.67""",Android 10,6/8 GB RAM,6000 mAh Li-Po,Qualcomm SM7150-AC Snapdragon 732G (8 nm)
188,70,Samsung Galaxy Tab A 10.5,"10.5""",Android 8.1,3 GB RAM,7300 mAh Li-Po,Qualcomm SDM450 Snapdragon 450 (14 nm)
189,155,OnePlus Nord CE 2 Lite 5G,"6.59""",Android 12,6/8 GB RAM,5000 mAh Li-Po,Qualcomm SM6375 Snapdragon 695 5G (6 nm)
190,266,Oppo Reno6 Lite,"6.43""",Android 11,6 GB RAM,5000 mAh Li-Po,Qualcomm SM6115 Snapdragon 662 (11 nm)
191,424,Xiaomi Civi,"6.55""",Android 11,8/12 GB RAM,4500 mAh Li-Po,Qualcomm SM7325 Snapdragon 778G 5G (6 nm)
192,191,Infinix Hot 11s NFC,"6.78""",Android 11,4/6 GB RAM,5000 mAh Li-Po,Qualcomm SM8350 Snapdragon 888 5G (5 nm)
193,457,Xiaomi Mi 10i 5G,"6.67""",Android 10,6/8 GB RAM,4820 mAh Li-Po,Qualcomm SM7225 Snapdragon 750G 5G (8 nm)
194,322,Xiaomi Mi 10T Pro 5G,"6.67""",Android 10,8 GB RAM,5000 mAh Li-Po,Qualcomm SM8250 Snapdragon 865 5G (7 nm+)
195,58,Infinix Note 10 Pro,"6.95""",Android 11,6/8 GB RAM,5000 mAh Li-Po,Mediatek MT6765 Helio P35 (12nm)
196,222,Oppo A35,"6.52""",Android 10,4 GB RAM,4230 mAh Li-Po,PowerVR GE8320
197,2,Xiaomi Redmi Note 10 Pro Max,"6.67""",Android 11,6/8 GB RAM,5020 mAh Li-Po,Qualcomm SM7150 Snapdragon 732G (8 nm)
198,92,Xiaomi Redmi K30 Ultra,"6.67""",Android 10,6/8 GB RAM,4500 mAh Li-Po,Mediatek MT6889Z Dimensity 1000+ (7nm)
199,206,Samsung Galaxy F41,"6.4""",Android 10,6 GB RAM,6000 mAh Li-Po,Exynos 9611 (10nm)
200,165,Google Pixel 4a,"5.81""",Android 10,6 GB RAM,3140 mAh Li-Po,Qualcomm SM8150 Snapdragon 855 (7 nm)
201,78,Google Pixel 3a XL,"6.0""",Android 9.0,4 GB RAM,3700 mAh Li-Po,Mediatek MT6833P Dimensity 810 (6 nm)
202,14,vivo X80,"6.78""",Android 12,8/12 GB RAM,4500 mAh Li-Po,Mediatek Dimensity 9000 (4 nm)
203,480,Samsung Galaxy Tab Active3,"8.0""",Android 10,4 GB RAM,5050 mAh Li-Ion,Exynos 9810 (10 nm)
204,80,Oppo Reno4 SE,"6.43""",Android 10,8 GB RAM,4300 mAh Li-Po,Mediatek MT6853V Dimensity 720 (7 nm)
205,435,Samsung Galaxy M31 Prime,"6.4""",Android 10,6 GB RAM,6000 mAh Li-Po,Exynos 9611 (10nm)
206,284,Oppo F19 Pro,"6.43""",Android 11,8 GB RAM,4310 mAh Li-Po,PowerVR GM9446
207,72,Xiaomi 12S,"6.28""",Android 12,8/12 GB RAM,4500 mAh Li-Po,Qualcomm SM8475 Snapdragon 8+ Gen 1 (4 nm)
208,348,Oppo Reno8,"6.43""",Android 12,8/12 GB RAM,4500 mAh Li-Po,Mediatek Dimensity 1300 (6 nm)
209,324,vivo Y72t,"6.58""",Android 11,8 GB RAM,6000 mAh Li-Po,Mediatek MT6833 Dimensity 700 (7 nm)
210,411,Oppo Reno8 Pro,"6.7""",Android 12,8/12 GB RAM,4500 mAh Li-Po,Mediatek Dimensity 8100-Max (5 nm)
211,503,iPhone 12 Pro Max,"6.7""",iOS 14,6 GB RAM,0,Apple A14 Bionic
212,296,Oppo Reno4,"6.4""",Android 10,8 GB RAM,4015 mAh Li-Po,Qualcomm SM7125 Snapdragon 720G (8 nm)
213,75,Infinix Note 12 VIP,"6.7""",Android 12,4/8 GB RAM,4500 mAh Li-Po,Qualcomm SM4250 Snapdragon 460 (11 nm)
214,313,Infinix Note 11i,"6.95""",Android 11,4 GB RAM,5000 mAh Li-Po,Qualcomm SM8150 Snapdragon 855 (7 nm)
215,463,Google Pixel 6,"6.4""",Android 12,8 GB RAM,4614 mAh Li-Ion,Google Tensor (5 nm)
216,240,Samsung Galaxy S20 FE 2022,"6.5""",Android 12,6 GB RAM,4500 mAh Li-Ion,Qualcomm SM8250 Snapdragon 865 5G (7 nm+)
217,368,Xiaomi 11T Pro,"6.67""",Android 11,8/12 GB RAM,5000 mAh Li-Po,Qualcomm SM8350 Snapdragon 888 5G (5 nm)
218,138,Oppo F17,"6.44""",Android 10,4/8 GB RAM,4015 mAh Li-Po,Qualcomm SM6115 Snapdragon 662 (11 nm)
219,145,Xiaomi Mi 11,"6.81""",Android 11,6/12 GB RAM,4600 mAh Li-Po,Qualcomm SM8350 Snapdragon 888 5G (5 nm)
220,466,Xiaomi Poco M2,"6.53""",Android 10,6 GB RAM,5000 mAh Li-Po,Mediatek MT6769V/CU Helio G80 (12 nm)
221,288,vivo Y21a,"6.51""",Android 11,4 GB RAM,5000 mAh Li-Po,Mediatek MT6762 Helio P22 (12 nm)
222,501,iPhone 12,"6.1""",iOS 14,4 GB RAM,0,Apple A14 Bionic
223,470,OnePlus 8 Pro,"6.78""",Android 10,8/12 GB RAM,4510 mAh Li-Po,Qualcomm SM8250 Snapdragon 865 5G (7 nm+)
224,425,Infinix Hot 11,"6.6""",Android 11,4 GB RAM,5200 mAh Li-Po,Qualcomm SDM845 Snapdragon 845 (10 nm)
225,426,Oppo A96,"6.43""",Android 11,8/12 GB RAM,4500 mAh Li-Po,Qualcomm SM6375 Snapdragon 695 5G (6 nm)
226,364,Samsung Galaxy M51,"6.7""",Android 10,6/8 GB RAM,7000 mAh Li-Po,Qualcomm SDM730 Snapdragon 730G (8 nm)
227,122,Xiaomi Mi 11i,"6.67""",Android 11,8 GB RAM,4520 mAh Li-Po,Qualcomm SM8350 Snapdragon 888 5G (5 nm)
228,380,Xiaomi Redmi Note 11 4G,"6.5""",Android 11,4/6 GB RAM,5000 mAh Li-Po,Mediatek Helio G88 (12nm)
229,112,Oppo A57e,"6.56""",Android 12,4 GB RAM,5000 mAh Li-Po,PowerVR GE8320
230,234,Oppo Reno7 5G,"6.43""",Android 11,8 GB RAM,4500 mAh Li-Po,Mediatek MT6877 Dimensity 900 (6 nm)
231,345,OnePlus Ace,"6.7""",Android 12,8/12 GB RAM,4500 mAh Li-Po,Mediatek Dimensity 8100-Max (5 nm)
232,291,OnePlus 8T,"6.55""",Android 11,8/12 GB RAM,4500 mAh Li-Po,Qualcomm SM8250 Snapdragon 865 5G (7 nm+)
233,415,Xiaomi Redmi 9A Sport,"6.53""",Android 10,2/3 GB RAM,5000 mAh Li-Po,PowerVR GE8320
234,376,Xiaomi Mi 10S,"6.67""",Android 11,8/12 GB RAM,4780 mAh Li-Po,Qualcomm SM8250-AC Snapdragon 870 5G (7 nm)
235,66,Samsung Galaxy A51 5G UW,"6.5""",Android 10,6 GB RAM,4500 mAh Li-Po,Qualcomm SM7250 Snapdragon 765G 5G (7 nm)
236,464,Infinix Note 5,"6.0""",Android 8.1,3/4 GB RAM,4500 mAh Li-Po,Mediatek MT6762 Helio P22 (12 nm)
237,12,Oppo A12s,"6.2""",Android 9.0,3 GB RAM,4230 mAh Li-Po,PowerVR GE8320
238,338,Oppo A33,"6.5""",Android 10,3/4 GB RAM,5000 mAh Li-Po,Qualcomm SM4250 Snapdragon 460 (11 nm)
239,212,vivo Y52s t1,"6.58""",Android 11,8 GB RAM,5000 mAh Li-Po,Qualcomm SM4350 Snapdragon 480 5G (8 nm)
240,215,OnePlus 6T McLaren,"6.41""",Android 9.0,10 GB RAM,3700 mAh Li-Po,Qualcomm SDM845 Snapdragon 845 (10 nm)
241,127,Xiaomi Redmi Note 11 Pro (China),"6.67""",Android 11,6/8 GB RAM,5160 mAh Li-Po,Mediatek Dimensity 920 (6 nm)
242,333,vivo Y53s,"6.58""",Android 11,8 GB RAM,5000 mAh Li-Po,Qualcomm SM4350 Snapdragon 480 5G (8 nm)
243,262,Xiaomi Black Shark 4,"6.67""",Android 11,6/12 GB RAM,4500 mAh Li-Po,Qualcomm SM8250-AC Snapdragon 870 5G (7 nm)
244,444,OnePlus Ace Pro,"6.7""",Android 12,12/16 GB RAM,4800 mAh Li-Po,Qualcomm SM8475 Snapdragon 8+ Gen 1 (4 nm)
245,7,vivo T1 (Snapdragon 680),"6.44""",Android 12,4-8 GB RAM,5000 mAh Li-Po,Qualcomm SM6225 Snapdragon 680 4G (6 nm)
246,173,vivo V23 Pro,"6.56""",Android 12,8/12 GB RAM,4300 mAh Li-Po,Mediatek MT6893 Dimensity 1200 (6 nm)
247,189,Xiaomi Redmi Note 11T 5G,"6.6""",Android 11,4/8 GB RAM,5000 mAh Li-Po,Mediatek MT6833P Dimensity 810 (6 nm)
248,228,OnePlus Nord N200 5G,"6.49""",Android 11,4 GB RAM,5000 mAh Li-Po,Qualcomm SM4350 Snapdragon 480 5G (8 nm)
249,441,Oppo A55 5G,"6.5""",Android 11,4/8 GB RAM,5000 mAh Li-Po,Mediatek MT6833 Dimensity 700 (7 nm)
251,410,Asus Zenfone Max Shot ZB634KL,"6.26""",Android 8.0,3/4 GB RAM,4000 mAh Li-Po,Qualcomm Snapdragon SiP 1
252,87,Xiaomi Redmi Note 11T Pro,"6.6""",Android 12,6/8 GB RAM,5080 mAh Li-Po,Mediatek Dimensity 8100 (5 nm)
253,375,vivo S15,"6.62""",Android 12,8/12 GB RAM,4500 mAh Li-Po,Qualcomm SM8250-AC Snapdragon 870 5G (7 nm)
254,174,Xiaomi Redmi Note 9 5G,"6.53""",Android 10,4/8 GB RAM,5000 mAh Li-Po,Mediatek MT6853 Dimensity 800U (7 nm)
255,198,vivo Y33t,"6.58""",Android 11,8 GB RAM,5000 mAh Li-Po,Qualcomm SM6225 Snapdragon 680 4G (6 nm)
256,57,Samsung Galaxy M13,"6.6""",Android 12,4 GB RAM,5000 mAh Li-Po,Exynos 850 (8nm)
257,143,Xiaomi Redmi Note 9 Pro 5G,"6.67""",Android 10,6/8 GB RAM,4820 mAh Li-Po,Qualcomm SM7225 Snapdragon 750G 5G (8 nm)
258,164,Oppo Reno6 Pro 5G,"6.55""",Android 11,8/12 GB RAM,4500 mAh Li-Po,Mediatek MT6893 Dimensity 1200 (6 nm)
259,427,vivo iQOO Neo5 Lite,"6.57""",Android 11,8/12 GB RAM,4500 mAh Li-Po,Qualcomm SM8250-AC Snapdragon 870 5G (7 nm)
260,496,iPhone 13 Mini,"5.4""",iOS 15,4 GB RAM,0,Apple A15 Bionic
261,269,Infinix S5 Pro,"6.53""",Android 10,4/6 GB RAM,4000 mAh Li-Po,Exynos 850 (8nm)
262,103,OnePlus 10R,"6.7""",Android 12,8/12 GB RAM,5000 mAh Li-Po,Mediatek Dimensity 8100-Max (5 nm)
263,356,Xiaomi Civi 1S,"6.55""",Android 12,8/12 GB RAM,4500 mAh Li-Po,Qualcomm SM7325-AE Snapdragon 778G+ 5G (6 nm)
264,186,vivo X60s,"6.56""",Android 11,8/12 GB RAM,4200 mAh Li-Po,Exynos 1080 (5 nm)
265,124,Asus Zenfone Max Plus (M2) ZB634KL,"6.26""",Android 8.0,3/4 GB RAM,4000 mAh Li-Po,Qualcomm Snapdragon SiP 1
266,91,vivo S12 Pro,"6.56""",Android 11,8/12 GB RAM,4300 mAh Li-Po,Mediatek MT6893 Dimensity 1200 (6 nm)
267,474,Samsung Galaxy Tab A 10.1 (2019),"10.1""",Android 9.0,2/3 GB RAM,6150 mAh Li-Po,Exynos 7904 (14 nm)
268,395,Samsung Galaxy A01 Core,"5.3""",Android 10,1/2 GB RAM,3000 mAh Li-Ion,Mediatek MT6739 (28 nm)
269,137,Samsung Galaxy M01 Core,"5.3""",Android 10,1/2 GB RAM,3000 mAh Li-Ion,Mediatek MT6739 (28 nm)
270,239,vivo V21e 5G,"6.44""",Android 11,8 GB RAM,4000 mAh Li-Po,Mediatek MT6833 Dimensity 700 (7 nm)
271,79,Oppo Reno4 Pro,"6.5""",Android 10,8 GB RAM,4000 mAh Li-Po,Qualcomm SM7125 Snapdragon 720G (8 nm)
272,41,Samsung Galaxy M31s,"6.5""",Android 10,6/8 GB RAM,6000 mAh Li-Po,Exynos 9611 (10nm)
273,211,Samsung Galaxy Z Flip4,"6.7""",Android 12,8 GB RAM,3700 mAh Li-Po,Qualcomm SM8475 Snapdragon 8+ Gen 1 (4 nm)
274,242,Samsung Galaxy A42 5G,"6.6""",Android 10,4/8 GB RAM,5000 mAh Li-Po,Qualcomm SM7225 Snapdragon 750 5G (8 nm)
275,419,Oppo A95,"6.43""",Android 11,8 GB RAM,5000 mAh Li-Po,Qualcomm SM6115 Snapdragon 662 (11 nm)
276,51,Xiaomi Black Shark 5,"6.67""",Android 12,8/12 GB RAM,4650 mAh Li-Po,Qualcomm SM8250-AC Snapdragon 870 5G (7 nm)
277,31,Infinix Hot 6X,"6.2""",Android 8.1,2/3 GB RAM,4000 mAh Li-Po,Exynos 990 (7 nm+)
278,306,Samsung Galaxy S20 FE,"6.5""",Android 10,6/8 GB RAM,4500 mAh Li-Ion,Qualcomm SM8250 Snapdragon 865 5G (7 nm+)
279,390,Oppo A53 5G,"6.5""",Android 10,4/8 GB RAM,4040 mAh Li-Po,Mediatek MT6853V Dimensity 720 (7 nm)
280,65,Infinix Smart 5 Pro,"6.52""",Android 11,2 GB RAM,6000 mAh Li-Po,Qualcomm SM8150 Snapdragon 855+ (7 nm)
281,359,OnePlus Nord CE 2 5G,"6.43""",Android 11,6/8 GB RAM,4500 mAh Li-Po,Mediatek MT6877 Dimensity 900 (6 nm)
282,199,Oppo A15,"6.52""",Android 10,2/3 GB RAM,4230 mAh Li-Po,PowerVR GE8320
283,381,Xiaomi Black Shark 5 Pro,"6.67""",Android 12,8/16 GB RAM,4650 mAh Li-Po,Qualcomm SM8450 Snapdragon 8 Gen 1 (4 nm)
284,119,Google Pixel 5,"6.0""",Android 11,8 GB RAM,4080 mAh Li-Po,Qualcomm SM7250 Snapdragon 765G 5G (7 nm)
285,500,iPhone 12 Mini,"5.4""",iOS 14,4 GB RAM,0,Apple A14 Bionic
286,298,vivo Y77,"6.58""",Android 12,8 GB RAM,5000 mAh Li-Po,Mediatek MT6833P Dimensity 810 (6 nm)
287,486,vivo iQOO 9T,"6.78""",Android 12,8/12 GB RAM,4700 mAh Li-Po,Qualcomm SM8475 Snapdragon 8+ Gen 1 (4 nm)
288,178,OnePlus 10T,"6.7""",Android 12,8/6 GB RAM,4800 mAh Li-Po,Qualcomm SM8475 Snapdragon 8+ Gen 1 (4 nm)
289,382,Xiaomi Mi 11 Ultra,"6.81""",Android 11,8/12 GB RAM,5000 mAh Li-Po,Qualcomm SM8350 Snapdragon 888 5G (5 nm)
290,202,Infinix Hot 12 Play NFC,"6.82""",Android 11,4/6 GB RAM,6000 mAh Li-Po,Qualcomm SM6350 Snapdragon 690 5G (8 nm)
291,89,Asus Zenfone 8 Flip,"6.67""",Android 11,8 GB RAM,5000 mAh Li-Po,Qualcomm SM8350 Snapdragon 888 5G (5 nm)
293,357,Xiaomi Black Shark 4S Pro,"6.67""",Android 11,8-16 GB RAM,4500 mAh Li-Po,Qualcomm SM8350 Snapdragon 888+ 5G (5 nm)
294,158,Oppo A57 4G,"6.56""",Android 12,3/4 GB RAM,5000 mAh Li-Po,PowerVR GE8320
295,321,Oppo Reno7,"6.43""",Android 12,8 GB RAM,4500 mAh Li-Po,Qualcomm SM6225 Snapdragon 680 4G (6 nm)
296,280,Oppo A95 5G,"6.43""",Android 11,8 GB RAM,4310 mAh Li-Po,Mediatek MT6853 Dimensity 800U (7 nm)
297,300,Infinix Hot 11 2022,"6.7""",Android 11,4 GB RAM,5000 mAh Li-Po,Qualcomm SM8250 Snapdragon 865 5G (7 nm+)
298,325,Samsung Galaxy Tab A7 10.4 (2020),"10.4""",Android 10,3/4 GB RAM,7040 mAh Li-Po,Qualcomm SM6115 Snapdragon 662 (11 nm)
299,491,Oppo Reno6 Pro+ 5G,"6.55""",Android 11,8/12 GB RAM,4500 mAh Li-Po,Qualcomm SM8250-AC Snapdragon 870 5G (7 nm)
300,115,Oppo F19,"6.43""",Android 11,6 GB RAM,5000 mAh Li-Po,Qualcomm SM6115 Snapdragon 662 (11 nm)
301,183,Xiaomi Redmi 9 Activ,"6.53""",Android 10,4/6 GB RAM,5000 mAh Li-Po,PowerVR GE8320
302,94,Oppo Reno8 Lite,"6.43""",Android 11,8/12 GB RAM,4500 mAh Li-Po,Qualcomm SM6375 Snapdragon 695 5G (6 nm)
303,179,Infinix Hot 8,"6.52""",Android 9.0,2/4 GB RAM,5000 mAh Li-Po,Exynos 9611 (10nm)
304,283,Oppo Reno8 Pro+,"6.7""",Android 12,8/12 GB RAM,4500 mAh Li-Po,Mediatek Dimensity 8100-Max (5 nm)
305,27,Samsung Galaxy M10,"6.22""",Android 8.1,2/3 GB RAM,3400 mAh Li-Ion,Exynos 7870 Octa (14 nm)
306,208,Xiaomi Redmi Note 10 Lite,"6.67""",Android 10,4/6 GB RAM,5020 mAh Li-Po,Qualcomm SM7125 Snapdragon 720G (8 nm)
307,200,Xiaomi Poco F4 GT,"6.67""",Android 12,8/12 GB RAM,4700 mAh Li-Po,Qualcomm SM8450 Snapdragon 8 Gen 1 (4 nm)
308,10,vivo Y21t (India),"6.58""",Android 11,4 GB RAM,5000 mAh Li-Po,Qualcomm SM6225 Snapdragon 680 4G (6 nm)
309,458,Samsung Galaxy Note20 Ultra 5G,"6.9""",Android 10,8/12 GB RAM,4500 mAh Li-Ion,Qualcomm SM8250 Snapdragon 865 5G+ (7 nm+) - USA
310,490,vivo S10,"6.44""",Android 11,8/12 GB RAM,4050 mAh Li-Po,Mediatek MT6891Z Dimensity 1100 (6 nm)
311,252,Asus ZenFone Live (L2),"5.5""",Android 8.0,2 GB RAM,3000 mAh Li-Ion,Qualcomm MSM8917 Snapdragon 425 (28 nm)
312,201,Samsung Galaxy Tab S5e,"10.5""",Android 9.0,4/6 GB RAM,7040 mAh Li-Po,Qualcomm SDM670 Snapdragon 670 (10 nm)
313,5,vivo Y02s,"6.51""",Android 12,2/3 GB RAM,5000 mAh Li-Po,Mediatek MT6765 Helio P35 (12nm)
314,217,Xiaomi Mi 11 Lite,"6.55""",Android 11,4/8 GB RAM,4250 mAh Li-Po,Qualcomm SM7150 Snapdragon 732G (8 nm)
315,311,Samsung Galaxy Tab Advanced2,"10.1""",Android 8.0,3 GB RAM,7300 mAh Li-Po,Exynos 7870 Octa (14 nm)
316,53,Oppo A54,"6.51""",Android 10,4/6 GB RAM,5000 mAh Li-Po,PowerVR GE8320
317,299,Infinix Note 7,"6.95""",Android 10,4/6 GB RAM,5000 mAh Li-Po,Mediatek MT6833 Dimensity 700 (7 nm)
318,459,Samsung Galaxy M01s,"6.2""",Android 9.0,3 GB RAM,4000 mAh Li-Ion,Mediatek MT6762 Helio P22 (12 nm)
319,361,Samsung Galaxy M53,"6.7""",Android 12,6/8 GB RAM,5000 mAh Li-Ion,Mediatek MT6877 Dimensity 900 (6 nm)
320,495,Xiaomi Redmi K30S,"6.67""",Android 10,8 GB RAM,5000 mAh Li-Po,Qualcomm SM8250 Snapdragon 865 5G (7 nm+)
321,192,OnePlus 6T,"6.41""",Android 9.0,6/8 GB RAM,3700 mAh Li-Po,Qualcomm SDM845 Snapdragon 845 (10 nm)
322,401,vivo iQOO Z6 44W,"6.44""",Android 12,4-8 GB RAM,5000 mAh Li-Po,Qualcomm SM6225 Snapdragon 680 4G (6 nm)
323,22,Asus Zenfone 7 Pro,"6.67""",Android 10,8 GB RAM,5000 mAh Li-Po,Qualcomm SM8250 Snapdragon 865 5G+ (7 nm+)
324,49,OnePlus 7 Pro 5G,"6.67""",Android 9.0,6/12 GB RAM,4000 mAh Li-Po,Qualcomm SM8150 Snapdragon 855 (7 nm)
325,207,vivo iQOO Neo6 SE,"6.62""",Android 12,8/12 GB RAM,4700 mAh Li-Po,Qualcomm SM8250-AC Snapdragon 870 5G (7 nm)
326,404,Samsung Galaxy Watch,"1.3""",Tizen OS 5.5,1.5 GB RAM,472 mAh Li-Ion,Exynos 9110 (10 nm)
327,289,OnePlus 7,"6.41""",Android 9.0,6/12 GB RAM,3700 mAh Li-Po,Qualcomm SM8150 Snapdragon 855 (7 nm)
328,293,Xiaomi Redmi 10 Prime,"6.5""",Android 11,4/6 GB RAM,6000 mAh Li-Po,Mediatek Helio G88 (12nm)
329,30,Infinix Hot 9 Play,"6.82""",Android 9.0,2/3 GB RAM,6000 mAh Li-Po,Qualcomm SM6375 Snapdragon 695 5G (6 nm)
330,294,vivo Pad,"11.0""",Android 12,8 GB RAM,8040 mAh Li-Po,Qualcomm SM8250-AC Snapdragon 870 5G (7 nm)
331,434,Oppo A94 5G,"6.43""",Android 11,8 GB RAM,4310 mAh Li-Po,Mediatek MT6853 Dimensity 800U (7 nm)
332,414,Google Pixel 3a,"5.6""",Android 9.0,4 GB RAM,3000 mAh Li-Po,Qualcomm SM8475 Snapdragon 8+ Gen 1 (4 nm)
333,180,Oppo A93s 5G,"6.5""",Android 11,8 GB RAM,5000 mAh Li-Po,Mediatek MT6833 Dimensity 700 (7 nm)
334,461,Samsung Galaxy A7 (2018),"6.0""",Android 8.0,4/6 GB RAM,3300 mAh Li-Po,Exynos 7885 (14 nm)
335,268,Infinix Note 12 G96,"6.7""",Android 12,8 GB RAM,5000 mAh Li-Po,Qualcomm SM8250 Snapdragon 865 5G (7 nm+)
336,274,Infinix Smart 5,"6.6""",Android 10,2/3 GB RAM,5000 mAh Li-Po,Exynos W920 (5 nm)
337,472,OnePlus Nord N100,"6.52""",Android 10,4 GB RAM,5000 mAh Li-Po,Qualcomm SM4250 Snapdragon 460 (11 nm)
338,35,vivo iQOO 9 (China),"6.78""",Android 12,8/12 GB RAM,4700 mAh Li-Po,Qualcomm SM8450 Snapdragon 8 Gen 1 (4 nm)
339,29,Infinix Note 12,"6.7""",Android 11,4/6 GB RAM,5000 mAh Li-Po,Qualcomm SM7250 Snapdragon 765G 5G (7 nm)
340,141,vivo Y02s,"6.51""",Android 12,2/3 GB RAM,5000 mAh Li-Po,Mediatek MT6765 Helio P35 (12nm)
341,177,Oppo Find X5 Lite,"6.43""",Android 11,8 GB RAM,4500 mAh Li-Po,Mediatek MT6877 Dimensity 900 (6 nm)
342,393,vivo iQOO 7 (India),"6.62""",Android 11,8/12 GB RAM,4400 mAh Li-Po,Qualcomm SM8250-AC Snapdragon 870 5G (7 nm)
344,150,vivo Y55 5G,"6.58""",Android 11,4/6 GB RAM,5000 mAh Li-Po,Mediatek MT6833 Dimensity 700 (7 nm)
345,39,Google Pixel 5a 5G,"6.34""",Android 11,6 GB RAM,4680 mAh Li-Po,Qualcomm SM7250 Snapdragon 765G 5G (7 nm)
346,413,Xiaomi 11T,"6.67""",Android 11,8 GB RAM,5000 mAh Li-Po,Mediatek MT6893 Dimensity 1200 (6 nm)
347,152,vivo Y21t,"6.51""",Android 11,4/6 GB RAM,5000 mAh Li-Po,Qualcomm SM6225 Snapdragon 680 4G (6 nm)
348,161,Oppo A15s,"6.52""",Android 10,4 GB RAM,4230 mAh Li-Po,PowerVR GE8320
349,295,Xiaomi Redmi 10 Prime 2022,"6.5""",Android 11,4/6 GB RAM,6000 mAh Li-Po,Mediatek Helio G88 (12nm)
350,123,Infinix Hot S3,"5.7""",Android 8.1,3 GB RAM,4000 mAh Li-Po,Exynos 7904 (14 nm)
351,270,Oppo Reno4 5G,"6.43""",Android 10,8 GB RAM,4000 mAh Li-Po,Qualcomm SM7250 Snapdragon 765G 5G (7 nm)
352,336,Infinix Hot 11s,"6.78""",Android 11,4/6 GB RAM,5000 mAh Li-Po,Qualcomm SDM845 Snapdragon 845 (10 nm)
353,377,Oppo A92,"6.5""",Android 10,6/8 GB RAM,5000 mAh Li-Po,Qualcomm SM6125 Snapdragon 665 (11 nm)
354,378,Xiaomi Redmi 10 Power,"6.7""",Android 11,8 GB RAM,6000 mAh Li-Po,Qualcomm SM6225 Snapdragon 680 4G (6 nm)
355,263,Oppo K9x,"6.49""",Android 11,6/8 GB RAM,5000 mAh Li-Po,Mediatek MT6833P Dimensity 810 (6 nm)
356,355,Samsung Galaxy A71 5G UW,"6.7""",Android 10,8 GB RAM,4500 mAh Li-Po,Qualcomm SM7250 Snapdragon 765G 5G (7 nm)
357,308,vivo V21 5G,"6.44""",Android 11,8 GB RAM,4000 mAh Li-Po,Mediatek MT6853 Dimensity 800U (7 nm)
358,135,Samsung Galaxy S20 FE 5G,"6.5""",Android 10,6/8 GB RAM,4500 mAh Li-Ion,Qualcomm SM8250 Snapdragon 865 5G (7 nm+)
359,446,Xiaomi Redmi Note 10 Pro,"6.67""",Android 11,6/8 GB RAM,5020 mAh Li-Po,Qualcomm SM7150 Snapdragon 732G (8 nm)
360,437,Xiaomi Redmi Note 9 4G,"6.53""",Android 10,4/8 GB RAM,6000 mAh Li-Po,Qualcomm SM6115 Snapdragon 662 (11 nm)
361,140,Infinix Hot 10 Play,"6.82""",Android 10,2/4 GB RAM,6000 mAh Li-Po,Exynos 850 (8nm)
362,187,vivo Y12a,"6.51""",Android 11,3 GB RAM,5000 mAh Li-Po,Qualcomm SDM439 Snapdragon 439 (12 nm)
363,235,Samsung Galaxy A40,"5.9""",Android 9.0,4 GB RAM,3100 mAh Li-Po,Exynos 7904 (14 nm)
364,231,Xiaomi Redmi Note 10S,"6.43""",Android 11,4/8 GB RAM,5000 mAh Li-Po,Mediatek Helio G95 (12 nm)
365,400,Xiaomi Black Shark 4 Pro,"6.67""",Android 11,8/16 GB RAM,4500 mAh Li-Po,Qualcomm SM8350 Snapdragon 888 5G (5 nm)
366,374,Asus Smartphone for Snapdragon Insiders,"6.78""",Android 11,16 GB RAM,4000 mAh Li-Po,Qualcomm SM8350 Snapdragon 888 5G (5 nm)
367,286,Infinix S5,"6.6""",Android 9.0,4/6 GB RAM,4000 mAh Li-Po,Exynos 9611 (10nm)
368,394,Infinix Hot 10,"6.78""",Android 10,3-6 GB RAM,5200 mAh Li-Po,Qualcomm SM8475 Snapdragon 8+ Gen 1 (4 nm)
369,120,Infinix Zero 5 Pro,"5.98""",Android 7.0,6 GB RAM,4350 mAh Li-Ion,Exynos 7870 Octa (14 nm)
371,154,Oppo Reno8 Z,"6.43""",Android 12,8 GB RAM,4500 mAh Li-Po,Qualcomm SM6375 Snapdragon 695 5G (6 nm)
372,102,Samsung Galaxy A30,"6.4""",Android 9.0,3/4 GB RAM,4000 mAh Li-Po,Exynos 7904 (14 nm)
373,63,Oppo Reno8,"6.4""",Android 12,8 GB RAM,4500 mAh Li-Po,Mediatek Dimensity 1300 (6 nm)
374,101,vivo iQOO Neo6 (China),"6.62""",Android 12,8/12 GB RAM,4700 mAh Li-Po,Qualcomm SM8450 Snapdragon 8 Gen 1 (4 nm)
375,171,Infinix Hot 11 Play,"6.82""",Android 11,4 GB RAM,6000 mAh Li-Po,Qualcomm SM8150 Snapdragon 855+ (7 nm)
376,467,Samsung Galaxy A20,"6.4""",Android 9.0,3 GB RAM,4000 mAh Li-Po,Exynos 7884 (14 nm)
377,303,vivo Y30 5G,"6.51""",Android 12,6 GB RAM,5000 mAh Li-Po,Mediatek MT6833 Dimensity 700 (7 nm)
378,449,Oppo A53,"6.5""",Android 10,4/6 GB RAM,5000 mAh Li-Po,Qualcomm SM4250 Snapdragon 460 (11 nm)
379,1,Xiaomi Redmi 10,"6.5""",Android 11,4/6 GB RAM,5000 mAh Li-Po,Mediatek Helio G88 (12nm)
381,469,Xiaomi Mi 11 Pro,"6.81""",Android 11,8/12 GB RAM,5000 mAh Li-Po,Qualcomm SM8350 Snapdragon 888 5G (5 nm)
382,354,Oppo Reno5 Z,"6.43""",Android 11,8 GB RAM,4310 mAh Li-Po,Mediatek MT6853 Dimensity 800U (7 nm)
383,271,vivo iQOO 10,"6.78""",Android 12,8/12 GB RAM,4700 mAh Li-Po,Qualcomm SM8475 Snapdragon 8+ Gen 1 (4 nm)
384,477,Xiaomi Redmi Note 11 (China),"6.6""",Android 11,4/8 GB RAM,5000 mAh Li-Po,Mediatek MT6833P Dimensity 810 (6 nm)
385,487,Infinix Smart 4c,"6.6""",Android 9.0,2 GB RAM,4000 mAh Li-Po,Qualcomm SDM450 Snapdragon 450 (14 nm)
386,4,vivo Y21e,"6.51""",Android 11,3 GB RAM,5000 mAh Li-Po,Qualcomm SM6225 Snapdragon 680 4G (6 nm)
388,267,Samsung Galaxy A9 (2018),"6.3""",Android 8.0,6/8 GB RAM,3800 mAh Li-Ion,Qualcomm SDM660 Snapdragon 660 (14 nm)
389,188,Asus ROG Phone 6 Pro,"6.78""",Android 12,18 GB RAM,6000 mAh Li-Po,Qualcomm SM8475 Snapdragon 8+ Gen 1 (4 nm)
390,42,Oppo A77,"6.56""",Android 12,4/6 GB RAM,5000 mAh Li-Po,Mediatek MT6833P Dimensity 810 (6 nm)
391,134,Infinix Note 12 5G,"6.7""",Android 12,6 GB RAM,5000 mAh Li-Po,Qualcomm SM8350 Snapdragon 888 5G (5 nm)
392,272,vivo S15e,"6.44""",Android 11,8/12 GB RAM,4700 mAh Li-Po,Exynos 1080 (5 nm)
393,244,Samsung Galaxy Note20 Ultra,"6.9""",Android 10,8/12 GB RAM,4500 mAh Li-Ion,Qualcomm SM8250 Snapdragon 865 5G+ (7 nm+) - USA
394,84,Oppo Reno6,"6.4""",Android 11,8 GB RAM,4310 mAh Li-Po,Qualcomm SM7125 Snapdragon 720G (8 nm)
395,76,Xiaomi Redmi 9i,"6.53""",Android 10,4 GB RAM,5000 mAh Li-Po,PowerVR GE8320
396,301,Samsung Galaxy M21s,"6.4""",Android 10,4 GB RAM,6000 mAh Li-Po,Exynos 9611 (10nm)
397,505,iPhone 11 Pro,"6.5""",iOS 13,4 GB RAM,3969 mAh,Apple A13 Bionic
398,166,Samsung Galaxy Tab S7,"11.0""",Android 10,6/8 GB RAM,8000 mAh Li-Po,Qualcomm SM8250 Snapdragon 865 5G+ (7 nm+)
399,258,vivo iQOO 8,"6.56""",Android 11,8/12 GB RAM,4350 mAh Li-Po,Qualcomm SM8350 Snapdragon 888 5G (5 nm)
400,204,Xiaomi Poco C3,"6.43""",Android 10,3/4 GB RAM,5000 mAh Li-Po,Mediatek MT6765G Helio G35 (12 nm)
401,13,vivo V21e,"6.44""",Android 11,8 GB RAM,4000 mAh Li-Po,Qualcomm SM7125 Snapdragon 720G (8 nm)
402,105,Oppo F19 Pro+ 5G,"6.43""",Android 11,8 GB RAM,4310 mAh Li-Po,Mediatek MT6853 Dimensity 800U (7 nm)
403,433,Infinix Note 11 Pro,"6.95""",Android 11,4/8 GB RAM,5000 mAh Li-Po,Qualcomm SDM845 Snapdragon 845 (10 nm)
404,279,Infinix Note 12 Pro,"6.7""",Android 12,8 GB RAM,5000 mAh Li-Po,Qualcomm SM4350 Snapdragon 480 5G (8 nm)
405,226,Xiaomi Mi 11 Lite 5G,"6.55""",Android 11,6/8 GB RAM,4250 mAh Li-Po,Qualcomm SM7350-AB Snapdragon 780G (5 nm)
406,11,Samsung Galaxy J4+,"6.0""",Android 8.1,2/3 GB RAM,3300 mAh Li-Ion,Qualcomm MSM8917 Snapdragon 425 (28 nm)
407,83,Oppo A16K,"6.52""",Android 11,2/8 GB RAM,4230 mAh Li-Po,PowerVR GE8320
408,114,Oppo Pad Air,"10.36""",Android 12,4/6 GB RAM,7100 mAh Li-Po,Qualcomm SM6225 Snapdragon 680 4G (6 nm)
409,309,Samsung Galaxy A10,"6.2""",Android 9.0,2/4 GB RAM,3400 mAh Li-Ion,Exynos 7884 (14 nm)
410,292,OnePlus 9RT 5G,"6.62""",Android 11,8/12 GB RAM,4500 mAh Li-Po,Qualcomm SM8350 Snapdragon 888 5G (5 nm)
411,205,Samsung Galaxy A70,"6.7""",Android 9.0,6/8 GB RAM,4500 mAh Li-Po,Qualcomm SDM675 Snapdragon 675 (11 nm)
412,149,Infinix Hot 12 Pro,"6.6""",Android 12,8 GB RAM,5000 mAh Li-Ion,Qualcomm SM8350 Snapdragon 888 5G (5 nm)
413,328,vivo Y53s 4G,"6.58""",Android 11,6/8 GB RAM,5000 mAh Li-Po,Mediatek MT6769V/CU Helio G80 (12 nm)
414,50,Infinix Smart3 Plus,"6.21""",Android 9.0,2/3 GB RAM,3500 mAh Li-Po,Qualcomm SM8250 Snapdragon 865 5G (7 nm+)
415,227,vivo iQOO 8 Pro,"6.78""",Android 11,8/12 GB RAM,4500 mAh Li-Po,Qualcomm SM8350 Snapdragon 888+ 5G (5 nm)
416,302,vivo T1x (India),"6.58""",Android 12,4/6 GB RAM,5000 mAh Li-Po,Qualcomm SM6225 Snapdragon 680 4G (6 nm)
417,224,vivo Y12s 2021,"6.51""",Android 11,3 GB RAM,5000 mAh Li-Po,Qualcomm SDM439 Snapdragon 439 (12 nm)
418,362,Infinix Hot 12i,"6.6""",Android 11,4 GB RAM,5000 mAh Li-Ion,Qualcomm SM8250 Snapdragon 865 5G (7 nm+)
419,479,Xiaomi Poco F4,"6.67""",Android 12,6/8 GB RAM,4500 mAh Li-Po,Qualcomm SM8250-AC Snapdragon 870 5G (7 nm)
420,442,Xiaomi Mi 10T 5G,"6.67""",Android 10,6/8 GB RAM,5000 mAh Li-Po,Qualcomm SM8250 Snapdragon 865 5G (7 nm+)
421,109,Samsung Galaxy A6s,"6.0""",Android 8.0,6 GB RAM,3300 mAh Li-Ion,Qualcomm SDM660 Snapdragon 660 (14 nm)
422,468,vivo Y73,"6.44""",Android 11,8 GB RAM,4000 mAh Li-Po,Mediatek Helio G95 (12 nm)
423,484,OnePlus 10R 150W,"6.7""",Android 12,12 GB RAM,4500 mAh Li-Po,Mediatek Dimensity 8100-Max (5 nm)
424,230,OnePlus 9R,"6.55""",Android 10,8/12 GB RAM,4500 mAh Li-Po,Qualcomm SM8250-AC Snapdragon 870 5G (7 nm)
425,392,Oppo F19s,"6.43""",Android 11,6 GB RAM,5000 mAh Li-Po,Qualcomm SM6115 Snapdragon 662 (11 nm)
426,447,Asus ROG Phone 3 Strix,"6.59""",Android 10,8/12 GB RAM,6000 mAh Li-Po,Qualcomm SM8250 Snapdragon 865 5G (7 nm+)
427,465,Oppo Reno6 Z,"6.4""",Android 11,8 GB RAM,4310 mAh Li-Po,Mediatek MT6853 Dimensity 800U (7 nm)
428,438,vivo X Note,"7.0""",Android 12,8/12 GB RAM,5000 mAh Li-Po,Qualcomm SM8450 Snapdragon 8 Gen 1 (4 nm)
429,236,Infinix Note 12i,"6.82""",Android 12,4 GB RAM,5000 mAh Li-Po,Qualcomm SM8250 Snapdragon 865 5G (7 nm+)
430,443,Infinix Hot 12,"6.82""",Android 12,4/6 GB RAM,5000 mAh Li-Ion,Qualcomm SM8250 Snapdragon 865 5G (7 nm+)
431,85,Oppo Reno7 Z 5G,"6.43""",Android 12,8 GB RAM,4500 mAh Li-Po,Qualcomm SM6375 Snapdragon 695 5G (6 nm)
432,337,Samsung Galaxy A60,"6.3""",Android 9.0,6 GB RAM,3500 mAh Li-Po,Qualcomm SDM675 Snapdragon 675 (11 nm)
433,168,Oppo Pad,"11.0""",Android 11,6/8 GB RAM,8360 mAh Li-Po,Qualcomm SM8250-AC Snapdragon 870 5G (7 nm)
434,276,vivo Y77 (China),"6.64""",Android 12,6-12 GB RAM,4500 mAh Li-Po,Mediatek Dimensity 930 (6 nm)
435,74,Oppo A32,"6.5""",Android 10,4/8 GB RAM,5000 mAh Li-Po,Qualcomm SM4250 Snapdragon 460 (11 nm)
437,273,OnePlus 9,"6.55""",Android 11,8/12 GB RAM,4500 mAh Li-Po,Qualcomm SM8350 Snapdragon 888 5G (5 nm)
438,281,vivo Y22s,"6.55""",Android 12,6/8 GB RAM,5000 mAh Li-Po,Qualcomm SM6225 Snapdragon 680 4G (6 nm)
439,259,vivo Y21,"6.51""",Android 11,4 GB RAM,5000 mAh Li-Po,Mediatek MT6765 Helio P35 (12nm)
440,159,Xiaomi 11i HyperCharge 5G,"6.67""",Android 11,6/8 GB RAM,4500 mAh Li-Po,Mediatek Dimensity 920 (6 nm)
441,24,OnePlus 9 Pro,"6.7""",Android 11,8/12 GB RAM,4500 mAh Li-Po,Qualcomm SM8350 Snapdragon 888 5G (5 nm)
442,341,Oppo Reno4 Pro 5G,"6.55""",Android 10,8/12 GB RAM,4000 mAh Li-Po,Qualcomm SM7250 Snapdragon 765G 5G (7 nm)
443,422,Samsung Galaxy A80,"6.7""",Android 9.0,8 GB RAM,3700 mAh Li-Po,Qualcomm SDM730 Snapdragon 730 (8 nm)
444,492,vivo Y55,"6.44""",Android 12,8 GB RAM,5000 mAh Li-Po,Qualcomm SM6225 Snapdragon 680 4G (6 nm)
445,450,Infinix Hot 6 Pro,"6.0""",Android 8.0,2/3 GB RAM,4000 mAh Li-Po,Exynos 7904 (14 nm)
446,398,OnePlus Nord 2 5G,"6.43""",Android 11,6/12 GB RAM,4500 mAh Li-Po,Mediatek MT6893 Dimensity 1200 (6 nm)
447,253,Samsung Galaxy Xcover6 Pro,"6.6""",Android 12,6 GB RAM,4050 mAh Li-Po,Qualcomm SM7325 Snapdragon 778G 5G (6 nm)
448,44,Asus ROG Phone 5s Pro,"6.78""",Android 11,18 GB RAM,6000 mAh Li-Po,Qualcomm SM8350 Snapdragon 888+ 5G (5 nm)
449,323,vivo Y33,"6.58""",Android 11,4 GB RAM,5000 mAh Li-Po,Mediatek MT6769V/CU Helio G80 (12 nm)
450,399,Samsung Galaxy A20e,"5.8""",Android 9.0,3 GB RAM,3000 mAh Li-Po,Exynos 7884 (14 nm)
451,277,Infinix Note 11s,"6.95""",Android 11,4/6 GB RAM,5000 mAh Li-Po,Qualcomm SM8150 Snapdragon 855 (7 nm)
452,421,Oppo Reno8 4G,"6.43""",Android 12,8 GB RAM,4500 mAh Li-Po,Qualcomm SM6225 Snapdragon 680 4G (6 nm)
